id	P1	P2	P3	P4	P5
cg00000	0.50268286	0.989713	-0.16429459	-1.0743649	0.87304217
cg00001	-1.280394	-0.71306807	0.6210179	-2.2501411	0.3863696
cg00002	-0.58164084	0.1092797	-0.07570153	0.20211439	0.69417197
cg00003	-0.75836974	1.420982	0.72609377	0.84373266	1.164864
cg00004	0.78758824	0.84407866	0.07559361	-1.4267739	-0.1350451
cg00005	-0.7695146	-1.4227418	0.2584528	-0.56854945	-1.0298045
