id	P1	P2	P3	P4	P5
hsa-miR-0	-1.043001	0.2684171	0.35867196	1.3224574	-0.013914669
hsa-miR-1	1.0418397	1.4022648	1.1501657	-2.365304	1.2286837
hsa-miR-2	0.33962	0.42377135	0.3712274	0.38275716	0.31941423
hsa-miR-3	-0.3589133	-1.9016353	-0.108914725	-0.80373186	1.0801634
hsa-miR-4	-0.2887665	0.08347536	-0.849606	-0.51062244	-0.011533062
